<?xml version="1.0" encoding="UTF-8"?>
<project-private xmlns="http://www.netbeans.org/ns/project-private/1">
    <editor-bookmarks xmlns="http://www.netbeans.org/ns/editor-bookmarks/2" lastBookmarkId="0"/>
    <open-files xmlns="http://www.netbeans.org/ns/projectui-open-files/2">
        <group>
            <file>file:/C:/wamp64/www/bambogroup/katalog/public/angular/controllers/main.controller.js</file>
            <file>file:/C:/wamp64/www/bambogroup/katalog/resources/views/shop/produit/display.blade.php</file>
            <file>file:/C:/wamp64/www/bambogroup/katalog/app/Http/Controllers/PanierController.php</file>
            <file>file:/C:/wamp64/www/bambogroup/katalog/routes/web.php</file>
        </group>
    </open-files>
</project-private>
