{"3y115dFBxPOBLAZDbUP/LQ==":"produits-meta.jpeg","NawgpEjDhBjvxF9fLl7tSw==":"deo-dove-fresh.jpeg","Td+9PVzgnT9dUjrRL4f2tQ==":"deo-borotalco-active.jpeg","b8jC3D3V4AuHfJNmXJ+9VQ==":"deo-borotalco-active-bleu.jpeg","sGoSgGBwV280ZAvFlO0UzA==":"deo-borotalco-active-mandarine.jpeg","pi9fyW3G5Ycguh159ODAWw==":"deo-dove-invisble.jpeg","bqlr8aQd6/g69gwhIXCeYg==":"deo-dove-original.jpeg","uAnehfUx69KN6zA6zr4BMQ==":"deo-dove-talco.jpeg","OEesn7FoTD2TObCGqMRFUg==":"smallsquarelogojpg.jpg","yf5FC1fa8vAyIgubaVcebw==":"mbr.jpg","oRykAiO0rUD++7AmPeEwUg==":"background1.jpg","XD3dTxJVD4/+WEfYuTLKqg==":"popup.jpg","mHORW0ykdG8H6CquiAAlBA==":"background4.jpg","w3pwuP8U3LPyepNceDsQ/A==":"mbr.png","4UnsjdHkxtnmBQJiWsN7Lg==":"mbr-1.png","ybUkXrrgS4z/4Uo8vCg1oQ==":"mbr-2.png"}